instance_name,instance_vertices,instance_edges,instance_symmetrical_type,has_closed_cycle,k_factor,k_size,worst_nearest_neighbors,avg_nearest_neighbors,best_nearest_neighbors,worst_genetic_algorithm,avg_genetic_algorithm,best_genetic_algorithm,worst_ensemble,avg_ensemble,best_ensemble,worst_solution,avg_solution,best_solution
a280.tsp,280,39340,TSP,false,0.25,70,626,626.0,626,6133,5667.9,5253,607,607.0,607,6133,3017.8571428571427,607
a280.tsp,280,39340,TSP,false,0.5,140,1460,1460.0,1460,13593,13172.0,12525,1282,1282.0,1282,13593,6952.380952380952,1282
a280.tsp,280,39340,TSP,false,0.75,210,2170,2170.0,2170,22529,21767.7,21044,1966,1966.0,1966,22529,11405.095238095239,1966
a280.tsp,280,39340,TSP,true,0.25,70,619,619.0,619,6254,5537.0,4684,619,619.0,619,6254,2960.904761904762,619
a280.tsp,280,39340,TSP,true,0.5,140,1574,1574.0,1574,14184,13600.0,12886,1371,1370.9,1370,14184,7203.952380952381,1370
a280.tsp,280,39340,TSP,true,0.75,210,2324,2324.0,2324,22798,22007.1,21228,2149,2149.0,2149,22798,11613.57142857143,2149
ali535.tsp,535,143380,TSP,false,0.25,133,15928,15928.0,15928,692381,635075.2,532013,12705,12705.0,12705,692381,309225.2380952381,12705
ali535.tsp,535,143380,TSP,false,0.5,267,56107,56107.0,56107,1594550,1504685.5,1434651,48724,48724.0,48724,1594550,742390.5714285715,48724
ali535.tsp,535,143380,TSP,false,0.75,401,108876,108876.0,108876,2396142,2351301.6,2286423,105694,105694.0,105694,2396142,1175182.4761904762,105694
ali535.tsp,535,143380,TSP,true,0.25,133,17536,17536.0,17536,708693,619335.1,476521,13698,13698.0,13698,708693,302279.38095238095,13698
ali535.tsp,535,143380,TSP,true,0.5,267,58917,58917.0,58917,1567033,1515035.5,1445610,52210,52210.0,52210,1567033,749112.9523809524,52210
ali535.tsp,535,143380,TSP,true,0.75,401,115552,115552.0,115552,2428146,2356397.2,2316520,114090,114090.0,114090,2428146,1181924.9523809524,114090
att48.tsp,48,1176,TSP,false,0.25,12,1341,1341.0,1341,3193,2763.0,2326,1082,1079.0,1052,3193,1893.3809523809523,1052
att48.tsp,48,1176,TSP,false,0.5,24,3731,3731.0,3731,12068,10298.1,9055,3389,3389.0,3389,12068,6695.333333333333,3389
att48.tsp,48,1176,TSP,false,0.75,36,7038,7038.0,7038,24325,21483.9,19936,6623,6623.0,6623,24325,13719.380952380952,6623
att48.tsp,48,1176,TSP,true,0.25,12,1520,1520.0,1520,2923,2414.4,1503,1145,1145.0,1145,2923,1767.3333333333333,1145
att48.tsp,48,1176,TSP,true,0.5,24,4583,4583.0,4583,11884,9866.8,7011,3880,3869.2,3772,11884,6759.190476190476,3772
att48.tsp,48,1176,TSP,true,0.75,36,7923,7923.0,7923,23375,21607.5,18460,7142,7142.0,7142,23375,14067.52380952381,7142
att532.tsp,532,141778,TSP,false,0.25,133,8678,8678.0,8678,103191,91436.6,83112,4761,4761.0,4761,103191,46221.619047619046,4761
att532.tsp,532,141778,TSP,false,0.5,266,18306,18306.0,18306,224849,212607.0,201787,11884,11884.0,11884,224849,107772.19047619047,11884
att532.tsp,532,141778,TSP,false,0.75,399,24103,24103.0,24103,352932,342077.8,330082,19969,19969.0,19969,352932,173551.0,19969
att532.tsp,532,141778,TSP,true,0.25,133,10232,10232.0,10232,102045,93832.6,87736,5048,5048.0,5048,102045,47573.23809523809,5048
att532.tsp,532,141778,TSP,true,0.5,266,18990,18990.0,18990,224538,215089.3,204347,12697,12697.0,12697,224538,109373.95238095238,12697
att532.tsp,532,141778,TSP,true,0.75,399,24373,24373.0,24373,348070,341281.4,328261,20221,20221.0,20221,348070,173304.61904761905,20221
bayg29.tsp,29,435,TSP,false,0.25,7,263,263.0,263,301,281.3,259,235,235.0,235,301,258.3809523809524,235
bayg29.tsp,29,435,TSP,false,0.5,14,627,627.0,627,1007,930.5,857,553,553.0,553,1007,736.2857142857143,553
bayg29.tsp,29,435,TSP,false,0.75,21,1062,1062.0,1062,1970,1869.8,1611,928,928.0,928,1970,1382.857142857143,928
bayg29.tsp,29,435,TSP,true,0.25,7,338,338.0,338,306,291.7,289,269,269.0,269,338,283.0952380952381,269
bayg29.tsp,29,435,TSP,true,0.5,14,677,677.0,677,978,891.1,803,595,593.4,591,978,739.1428571428571,591
bayg29.tsp,29,435,TSP,true,0.75,21,1090,1090.0,1090,1940,1836.2,1787,1000,1000.0,1000,1940,1402.4761904761904,1000
bays29.tsp,29,841,TSP,false,0.25,7,307,307.0,307,335,308.8,258,243,243.0,243,335,277.3809523809524,243
bays29.tsp,29,841,TSP,false,0.5,14,950,950.0,950,1268,1089.3,981,654,654.0,654,1268,875.3809523809524,654
bays29.tsp,29,841,TSP,false,0.75,21,1366,1366.0,1366,2372,2211.0,1957,1149,1149.0,1149,2372,1665.047619047619,1149
bays29.tsp,29,841,TSP,true,0.25,7,404,404.0,404,353,341.9,330,302,302.0,302,404,325.85714285714283,302
bays29.tsp,29,841,TSP,true,0.5,14,833,833.0,833,1161,1068.4,1004,671,671.0,671,1161,867.952380952381,671
bays29.tsp,29,841,TSP,true,0.75,21,1428,1428.0,1428,2432,2269.1,1875,1217,1216.6,1213,2432,1727.857142857143,1213
berlin52.tsp,52,1378,TSP,false,0.25,13,472,472.0,472,1290,888.9,682,443,443.0,443,1290,656.7142857142857,443
berlin52.tsp,52,1378,TSP,false,0.5,26,1784,1784.0,1784,6607,5720.9,4967,1730,1730.0,1730,6607,3633.0,1730
berlin52.tsp,52,1378,TSP,false,0.75,39,4265,4265.0,4265,14206,13333.7,12486,3977,3977.0,3977,14206,8446.285714285714,3977
berlin52.tsp,52,1378,TSP,true,0.25,13,583,583.0,583,1237,864.9,675,532,532.0,532,1237,692.952380952381,532
berlin52.tsp,52,1378,TSP,true,0.5,26,1856,1856.0,1856,6903,5801.5,5014,1840,1836.2,1802,6903,3725.3809523809523,1802
berlin52.tsp,52,1378,TSP,true,0.75,39,4737,4737.0,4737,14177,13131.4,11930,4278,4278.0,4278,14177,8515.761904761905,4278
bier127.tsp,127,8128,TSP,false,0.25,31,11094,11094.0,11094,61485,46274.1,33911,10480,10480.0,10480,61485,27554.04761904762,10480
bier127.tsp,127,8128,TSP,false,0.5,63,31659,31659.0,31659,228853,180706.6,147741,26976,26976.0,26976,228853,100404.04761904762,26976
bier127.tsp,127,8128,TSP,false,0.75,95,65743,65743.0,65743,371207,339762.7,307415,54332,54332.0,54332,371207,190794.7619047619,54332
bier127.tsp,127,8128,TSP,true,0.25,31,13321,13321.0,13321,58206,48836.7,37015,12110,12110.0,12110,58206,29656.571428571428,12110
bier127.tsp,127,8128,TSP,true,0.5,63,33188,33188.0,33188,212545,177042.4,158834,27950,27950.0,27950,212545,99195.80952380953,27950
bier127.tsp,127,8128,TSP,true,0.75,95,67038,67038.0,67038,367780,339194.3,303190,59103,59103.0,59103,367780,192857.66666666666,59103
br17.atsp,17,289,ATSP,false,0.25,4,3,3.0,3,0,0.0,0,0,0.0,0,3,0.14285714285714285,0
br17.atsp,17,289,ATSP,false,0.5,8,6,6.0,6,8,6.6,6,6,6.0,6,8,6.285714285714286,6
br17.atsp,17,289,ATSP,false,0.75,12,38,38.0,38,22,18.4,16,17,16.7,16,38,18.523809523809526,16
br17.atsp,17,289,ATSP,true,0.25,4,3,3.0,3,0,0.0,0,0,0.0,0,3,0.14285714285714285,0
br17.atsp,17,289,ATSP,true,0.5,8,9,9.0,9,11,10.2,10,9,9.0,9,11,9.571428571428571,9
br17.atsp,17,289,ATSP,true,0.75,12,35,35.0,35,24,22.2,19,19,18.2,18,35,20.904761904761905,18
brazil58.tsp,58,1711,TSP,false,0.25,14,2212,2212.0,2212,4316,3586.2,2984,1914,1914.0,1914,4316,2724.4761904761904,1914
brazil58.tsp,58,1711,TSP,false,0.5,29,7493,7493.0,7493,27029,23727.4,20738,5295,5295.0,5295,27029,14177.0,5295
brazil58.tsp,58,1711,TSP,false,0.75,43,13597,13597.0,13597,57550,50657.4,46159,10125,10125.0,10125,57550,29591.47619047619,10125
brazil58.tsp,58,1711,TSP,true,0.25,14,2345,2345.0,2345,3861,3454.3,3116,2098,2098.0,2098,3861,2755.6190476190477,2098
brazil58.tsp,58,1711,TSP,true,0.5,29,8603,8603.0,8603,25191,21912.6,17210,6105,6105.0,6105,25191,13751.380952380952,6105
brazil58.tsp,58,1711,TSP,true,0.75,43,14917,14917.0,14917,53418,48786.8,43780,13906,13906.0,13906,53418,30564.04761904762,13906
brg180.tsp,180,16290,TSP,false,0.25,45,470,470.0,470,89780,76268.0,62830,470,470.0,470,89780,36564.28571428572,470
brg180.tsp,180,16290,TSP,false,0.5,90,950,950.0,950,280600,261934.0,221710,950,950.0,950,280600,125228.09523809524,950
brg180.tsp,180,16290,TSP,false,0.75,135,4920,4920.0,4920,520850,499274.0,447790,4920,4235.0,1490,520850,240000.47619047618,1490
brg180.tsp,180,16290,TSP,true,0.25,45,480,480.0,480,86670,79783.0,68370,480,480.0,480,86670,38243.333333333336,480
brg180.tsp,180,16290,TSP,true,0.5,90,980,980.0,980,282630,268666.0,254290,980,980.0,980,282630,128449.52380952382,980
brg180.tsp,180,16290,TSP,true,0.75,135,4930,4930.0,4930,533260,486882.0,435650,4930,4586.0,1490,533260,234267.14285714287,1490
burma14.tsp,14,105,TSP,false,0.25,3,182,182.0,182,182,177.8,176,176,176.0,176,182,177.14285714285714,176
burma14.tsp,14,105,TSP,false,0.5,7,1053,1053.0,1053,888,825.6,760,859,826.5,802,1053,836.8571428571429,760
burma14.tsp,14,105,TSP,false,0.75,10,2516,2516.0,2516,1810,1617.0,1437,1444,1437.1,1388,2516,1574.142857142857,1388
burma14.tsp,14,105,TSP,true,0.25,3,20,20.0,20,38,38.0,38,20,20.0,20,38,28.571428571428573,20
burma14.tsp,14,105,TSP,true,0.5,7,1003,1003.0,1003,1127,1104.4,1101,962,962.0,962,1127,1031.7619047619048,962
burma14.tsp,14,105,TSP,true,0.75,10,2846,2846.0,2846,1784,1658.7,1539,1705,1633.6,1539,2846,1703.2857142857142,1539
ch130.tsp,130,8515,TSP,false,0.25,32,1507,1507.0,1507,5804,5265.8,4287,1072,1072.0,1072,5804,3089.7619047619046,1072
ch130.tsp,130,8515,TSP,false,0.5,65,2865,2865.0,2865,16749,15844.1,14925,2487,2487.0,2487,16749,8865.52380952381,2487
ch130.tsp,130,8515,TSP,false,0.75,97,4327,4327.0,4327,28221,26915.4,25197,4187,4187.0,4187,28221,15016.714285714286,4187
ch130.tsp,130,8515,TSP,true,0.25,32,1960,1960.0,1960,5986,5366.5,4806,1150,1150.0,1150,5986,3196.4285714285716,1150
ch130.tsp,130,8515,TSP,true,0.5,65,3041,3041.0,3041,16489,15731.7,14433,2727,2727.0,2727,16489,8934.666666666666,2727
ch130.tsp,130,8515,TSP,true,0.75,97,4767,4767.0,4767,28338,27233.7,25630,4446,4446.0,4446,28338,15312.57142857143,4446
ch150.tsp,150,11325,TSP,false,0.25,37,1512,1512.0,1512,7602,6789.0,5835,1226,1226.0,1226,7602,3888.6666666666665,1226
ch150.tsp,150,11325,TSP,false,0.5,75,3159,3159.0,3159,20278,19340.3,18216,2752,2752.0,2752,20278,10670.57142857143,2752
ch150.tsp,150,11325,TSP,false,0.75,112,5046,5046.0,5046,33562,32608.2,30744,4606,4606.0,4606,33562,17961.333333333332,4606
ch150.tsp,150,11325,TSP,true,0.25,37,1584,1584.0,1584,8207,6946.4,6172,1405,1405.0,1405,8207,4052.285714285714,1405
ch150.tsp,150,11325,TSP,true,0.5,75,3636,3636.0,3636,20628,19320.1,17988,3180,3180.0,3180,20628,10887.47619047619,3180
ch150.tsp,150,11325,TSP,true,0.75,112,5112,5112.0,5112,33195,31858.4,30104,4791,4791.0,4791,33195,17695.52380952381,4791
d198.tsp,198,19701,TSP,false,0.25,49,2147,2147.0,2147,22762,18026.5,13150,1600,1600.0,1600,22762,9448.190476190477,1600
d198.tsp,198,19701,TSP,false,0.5,99,4415,4415.0,4415,62927,55778.0,41944,3595,3595.0,3595,62927,28483.095238095237,3595
d198.tsp,198,19701,TSP,false,0.75,148,6796,6796.0,6796,112031,106941.7,99912,6716,6716.0,6716,112031,54446.333333333336,6716
d198.tsp,198,19701,TSP,true,0.25,49,2473,2473.0,2473,21965,16625.6,11597,1652,1652.0,1652,21965,8821.380952380952,1652
d198.tsp,198,19701,TSP,true,0.5,99,4965,4965.0,4965,70031,59529.3,52472,4170,4170.0,4170,70031,30569.428571428572,4170
d198.tsp,198,19701,TSP,true,0.75,148,7583,7583.0,7583,111024,101465.5,90396,7431,7431.0,7431,111024,52216.57142857143,7431
d493.tsp,493,121771,TSP,false,0.25,123,9317,9317.0,9317,90722,81247.1,65280,3399,3399.0,3399,90722,40751.333333333336,3399
d493.tsp,493,121771,TSP,false,0.5,246,18493,18493.0,18493,197327,186103.8,176529,9319,9319.0,9319,197327,93939.09523809524,9319
d493.tsp,493,121771,TSP,false,0.75,369,22482,22482.0,22482,305165,299755.6,290200,17974,17974.0,17974,305165,152370.38095238095,17974
d493.tsp,493,121771,TSP,true,0.25,123,10419,10419.0,10419,91699,81708.7,71112,3567,3567.0,3567,91699,41103.619047619046,3567
d493.tsp,493,121771,TSP,true,0.5,246,20712,20712.0,20712,198462,187587.4,177851,9953,9953.0,9953,198462,95053.14285714286,9953
d493.tsp,493,121771,TSP,true,0.75,369,24572,24572.0,24572,311260,296186.5,282557,19327,19327.0,19327,311260,151414.61904761905,19327
d657.tsp,657,216153,TSP,false,0.25,164,9996,9996.0,9996,181305,172938.4,162297,9397,9397.0,9397,181305,87302.38095238095,9397
d657.tsp,657,216153,TSP,false,0.5,328,22076,22076.0,22076,384137,379516.0,371895,20290,20290.0,20290,384137,191435.04761904763,20290
d657.tsp,657,216153,TSP,false,0.75,492,37653,37653.0,37653,598586,587473.4,569389,34446,34446.0,34446,598586,297945.09523809527,34446
d657.tsp,657,216153,TSP,true,0.25,164,11535,11535.0,11535,184612,172618.4,156050,10316,10316.0,10316,184612,87660.90476190476,10316
d657.tsp,657,216153,TSP,true,0.5,328,23518,23518.0,23518,387229,375885.7,365405,21653,21653.0,21653,387229,190424.04761904763,21653
d657.tsp,657,216153,TSP,true,0.75,492,40001,40001.0,40001,605075,585878.0,572856,35101,35101.0,35101,605075,297609.09523809527,35101
dantzig42.tsp,42,903,TSP,false,0.25,10,103,103.0,103,156,140.9,128,92,92.0,92,156,115.80952380952381,92
dantzig42.tsp,42,903,TSP,false,0.5,21,256,256.0,256,655,566.3,502,232,232.0,232,655,392.3333333333333,232
dantzig42.tsp,42,903,TSP,false,0.75,31,518,518.0,518,1421,1280.1,1167,428,428.0,428,1421,838.047619047619,428
dantzig42.tsp,42,903,TSP,true,0.25,10,151,151.0,151,149,138.2,122,103,103.0,103,151,122.04761904761905,103
dantzig42.tsp,42,903,TSP,true,0.5,21,311,311.0,311,695,610.8,555,244,244.0,244,695,421.85714285714283,244
dantzig42.tsp,42,903,TSP,true,0.75,31,571,571.0,571,1305,1228.1,1120,437,437.0,437,1305,820.0952380952381,437
eil101.tsp,101,5151,TSP,false,0.25,25,113,113.0,113,404,363.6,308,92,92.0,92,404,222.33333333333334,92
eil101.tsp,101,5151,TSP,false,0.5,50,268,268.0,268,1129,1037.3,950,255,255.0,255,1129,628.1428571428571,255
eil101.tsp,101,5151,TSP,false,0.75,75,427,427.0,427,1992,1905.8,1785,408,408.0,408,1992,1122.142857142857,408
eil101.tsp,101,5151,TSP,true,0.25,25,115,115.0,115,439,353.1,297,99,99.0,99,439,220.76190476190476,99
eil101.tsp,101,5151,TSP,true,0.5,50,300,300.0,300,1218,1098.2,989,260,260.0,260,1218,661.047619047619,260
eil101.tsp,101,5151,TSP,true,0.75,75,465,465.0,465,2029,1887.2,1797,437,437.0,437,2029,1128.904761904762,437
eil51.tsp,51,1326,TSP,false,0.25,12,74,74.0,74,129,108.5,98,71,71.0,71,129,89.0,71
eil51.tsp,51,1326,TSP,false,0.5,25,175,175.0,175,457,411.4,355,164,164.0,164,457,282.3333333333333,164
eil51.tsp,51,1326,TSP,false,0.75,38,324,324.0,324,844,812.5,760,279,279.0,279,844,535.1904761904761,279
eil51.tsp,51,1326,TSP,true,0.25,12,100,100.0,100,115,104.4,90,80,79.9,79,115,92.52380952380952,79
eil51.tsp,51,1326,TSP,true,0.5,25,188,188.0,188,470,412.9,366,183,183.0,183,470,292.7142857142857,183
eil51.tsp,51,1326,TSP,true,0.75,38,331,331.0,331,831,786.0,739,288,288.0,288,831,527.1904761904761,288
eil76.tsp,76,2926,TSP,false,0.25,19,111,111.0,111,284,225.6,197,94,94.0,94,284,157.47619047619048,94
eil76.tsp,76,2926,TSP,false,0.5,38,232,232.0,232,824,755.6,692,218,218.0,218,824,474.6666666666667,218
eil76.tsp,76,2926,TSP,false,0.75,57,422,422.0,422,1400,1334.1,1255,350,350.0,350,1400,822.047619047619,350
eil76.tsp,76,2926,TSP,true,0.25,19,117,117.0,117,259,216.1,183,108,107.5,103,259,159.66666666666666,103
eil76.tsp,76,2926,TSP,true,0.5,38,249,249.0,249,734,697.8,650,222,222.0,222,734,449.85714285714283,222
eil76.tsp,76,2926,TSP,true,0.75,57,442,442.0,442,1387,1345.4,1212,363,363.0,363,1387,834.5714285714286,363
fl417.tsp,417,87153,TSP,false,0.25,104,2003,2003.0,2003,93251,89750.9,86902,1876,1876.0,1876,93251,43727.23809523809,1876
fl417.tsp,417,87153,TSP,false,0.5,208,5916,5916.0,5916,213615,204929.5,197612,5753,5753.0,5753,213615,100606.71428571429,5753
fl417.tsp,417,87153,TSP,false,0.75,312,10602,10602.0,10602,333168,324138.6,312257,10439,10439.0,10439,333168,159827.52380952382,10439
fl417.tsp,417,87153,TSP,true,0.25,104,2345,2345.0,2345,96479,89492.8,81269,2345,2345.0,2345,96479,43843.95238095238,2345
fl417.tsp,417,87153,TSP,true,0.5,208,6322,6322.0,6322,213489,207038.0,199918,6218,6218.0,6218,213489,101851.52380952382,6218
fl417.tsp,417,87153,TSP,true,0.75,312,12475,12475.0,12475,327274,322032.5,309856,12326,12326.0,12326,327274,159812.38095238095,12326
fri26.tsp,26,351,TSP,false,0.25,6,108,108.0,108,100,79.3,77,77,77.0,77,108,79.57142857142857,77
fri26.tsp,26,351,TSP,false,0.5,13,279,279.0,279,487,428.2,390,259,259.0,259,487,340.5238095238095,259
fri26.tsp,26,351,TSP,false,0.75,19,453,453.0,453,1028,908.3,790,446,446.0,446,1028,666.4761904761905,446
fri26.tsp,26,351,TSP,true,0.25,6,135,135.0,135,134,98.1,90,88,88.0,88,135,95.04761904761905,88
fri26.tsp,26,351,TSP,true,0.5,13,308,308.0,308,464,416.2,389,291,291.0,291,464,351.42857142857144,291
fri26.tsp,26,351,TSP,true,0.75,19,569,569.0,569,954,920.2,837,515,515.0,515,954,710.5238095238095,515
ft53.atsp,53,2809,ATSP,false,0.25,13,2812,2812.0,2812,2076,1833.5,1588,1138,1138.0,1138,2812,1548.904761904762,1138
ft53.atsp,53,2809,ATSP,false,0.5,26,4552,4552.0,4552,6615,6194.2,5603,3524,3520.6,3494,6615,4842.857142857143,3494
ft53.atsp,53,2809,ATSP,false,0.75,39,6351,6351.0,6351,13632,12669.9,11696,5138,5136.4,5122,13632,8781.619047619048,5122
ft53.atsp,53,2809,ATSP,true,0.25,13,2874,2874.0,2874,2273,1888.6,1636,2130,1920.1,1513,2874,1950.5238095238096,1513
ft53.atsp,53,2809,ATSP,true,0.5,26,4587,4587.0,4587,7316,6126.5,5432,3768,3768.0,3768,7316,4930.0952380952385,3768
ft53.atsp,53,2809,ATSP,true,0.75,39,6560,6560.0,6560,12870,12286.4,11262,5244,5244.0,5244,12870,8660.190476190477,5244
ft70.atsp,70,4900,ATSP,false,0.25,17,10134,10134.0,10134,10650,10166.5,9702,9575,9575.0,9575,10650,9883.285714285714,9575
ft70.atsp,70,4900,ATSP,false,0.5,35,19936,19936.0,19936,27756,26568.8,25823,19898,19878.5,19703,27756,23067.095238095237,19703
ft70.atsp,70,4900,ATSP,false,0.75,52,29964,29964.0,29964,45770,44034.1,43017,29892,29849.5,29664,45770,36609.52380952381,29664
ft70.atsp,70,4900,ATSP,true,0.25,17,10676,10676.0,10676,11258,10105.5,9134,10099,9998.0,9415,11258,10081.47619047619,9134
ft70.atsp,70,4900,ATSP,true,0.5,35,20211,20211.0,20211,28717,27118.5,25605,19951,19951.0,19951,28717,23376.47619047619,19951
ft70.atsp,70,4900,ATSP,true,0.75,52,30313,30313.0,30313,44880,43250.8,41469,29938,29938.0,29938,44880,36295.28571428572,29938
ftv170.atsp,171,29241,ATSP,false,0.25,42,652,652.0,652,4326,3967.8,3683,527,527.0,527,4326,2171.4285714285716,527
ftv170.atsp,171,29241,ATSP,false,0.5,85,1346,1346.0,1346,10405,10092.3,9396,1188,1188.0,1188,10405,5435.666666666667,1188
ftv170.atsp,171,29241,ATSP,false,0.75,128,2089,2089.0,2089,17057,16481.3,15968,2015,2015.0,2015,17057,8907.238095238095,2015
ftv170.atsp,171,29241,ATSP,true,0.25,42,791,791.0,791,4154,3890.7,3468,583,583.0,583,4154,2168.0,583
ftv170.atsp,171,29241,ATSP,true,0.5,85,1519,1519.0,1519,10512,9995.4,9317,1282,1282.0,1282,10512,5442.523809523809,1282
ftv170.atsp,171,29241,ATSP,true,0.75,128,2280,2280.0,2280,16985,16209.9,15597,2049,2049.0,2049,16985,8803.285714285714,2049
ftv33.atsp,34,1156,ATSP,false,0.25,8,126,126.0,126,168,146.2,133,126,126.0,126,168,135.61904761904762,126
ftv33.atsp,34,1156,ATSP,false,0.5,17,613,613.0,613,1030,963.8,881,474,474.0,474,1030,713.8571428571429,474
ftv33.atsp,34,1156,ATSP,false,0.75,25,996,996.0,996,2108,1902.7,1768,796,796.0,796,2108,1332.5238095238096,796
ftv33.atsp,34,1156,ATSP,true,0.25,8,137,137.0,137,173,149.4,141,133,133.0,133,173,141.0,133
ftv33.atsp,34,1156,ATSP,true,0.5,17,669,669.0,669,1022,936.2,851,549,549.0,549,1022,739.0952380952381,549
ftv33.atsp,34,1156,ATSP,true,0.75,25,925,925.0,925,2019,1907.5,1705,839,839.0,839,2019,1351.904761904762,839
ftv35.atsp,36,1296,ATSP,false,0.25,9,198,198.0,198,379,232.6,192,184,183.8,182,379,207.71428571428572,182
ftv35.atsp,36,1296,ATSP,false,0.5,18,567,567.0,567,1243,1156.1,1044,567,567.0,567,1243,847.5238095238095,567
ftv35.atsp,36,1296,ATSP,false,0.75,27,942,942.0,942,2349,2179.5,1934,930,930.0,930,2349,1525.5714285714287,930
ftv35.atsp,36,1296,ATSP,true,0.25,9,334,334.0,334,233,198.8,183,175,175.0,175,334,193.9047619047619,175
ftv35.atsp,36,1296,ATSP,true,0.5,18,663,663.0,663,1155,1064.6,971,608,608.0,608,1155,828.047619047619,608
ftv35.atsp,36,1296,ATSP,true,0.75,27,1110,1110.0,1110,2418,2210.5,1974,1016,1016.0,1016,2418,1589.2857142857142,1016
ftv38.atsp,39,1521,ATSP,false,0.25,9,198,198.0,198,234,198.6,177,140,140.0,140,234,170.66666666666666,140
ftv38.atsp,39,1521,ATSP,false,0.5,19,729,729.0,729,1351,1174.5,1019,531,531.0,531,1351,846.8571428571429,531
ftv38.atsp,39,1521,ATSP,false,0.75,29,1193,1193.0,1193,2525,2427.3,2338,956,956.0,956,2525,1667.904761904762,956
ftv38.atsp,39,1521,ATSP,true,0.25,9,334,334.0,334,250,210.3,183,169,169.0,169,334,196.52380952380952,169
ftv38.atsp,39,1521,ATSP,true,0.5,19,925,925.0,925,1243,1154.4,1076,535,535.0,535,1243,848.5238095238095,535
ftv38.atsp,39,1521,ATSP,true,0.75,29,1289,1289.0,1289,2560,2396.5,2219,1055,1054.6,1051,2560,1704.7619047619048,1051
ftv44.atsp,45,2025,ATSP,false,0.25,11,370,370.0,370,482,412.0,364,206,206.0,206,482,311.9047619047619,206
ftv44.atsp,45,2025,ATSP,false,0.5,22,836,836.0,836,1701,1592.4,1471,559,558.6,555,1701,1064.095238095238,555
ftv44.atsp,45,2025,ATSP,false,0.75,33,1159,1159.0,1159,3036,2939.8,2793,1049,1049.0,1049,3036,1954.6190476190477,1049
ftv44.atsp,45,2025,ATSP,true,0.25,11,430,430.0,430,502,398.9,342,256,256.0,256,502,332.3333333333333,256
ftv44.atsp,45,2025,ATSP,true,0.5,22,895,895.0,895,1628,1506.5,1409,647,645.5,632,1628,1067.3809523809523,632
ftv44.atsp,45,2025,ATSP,true,0.75,33,1278,1278.0,1278,3051,2943.4,2724,1068,1068.0,1068,3051,1971.047619047619,1068
ftv47.atsp,48,2304,ATSP,false,0.25,12,321,321.0,321,580,522.6,403,258,258.0,258,580,387.0,258
ftv47.atsp,48,2304,ATSP,false,0.5,24,694,694.0,694,2178,1826.8,1705,664,664.0,664,2178,1219.142857142857,664
ftv47.atsp,48,2304,ATSP,false,0.75,36,1312,1312.0,1312,3531,3443.4,3247,1117,1117.0,1117,3531,2234.095238095238,1117
ftv47.atsp,48,2304,ATSP,true,0.25,12,451,451.0,451,599,490.1,408,289,289.0,289,599,392.4761904761905,289
ftv47.atsp,48,2304,ATSP,true,0.5,24,863,863.0,863,1934,1751.5,1616,708,708.0,708,1934,1212.2857142857142,708
ftv47.atsp,48,2304,ATSP,true,0.75,36,1261,1261.0,1261,3615,3399.3,3244,1212,1212.0,1212,3615,2255.904761904762,1212
ftv55.atsp,56,3136,ATSP,false,0.25,14,397,397.0,397,663,578.4,495,232,232.0,232,663,404.8095238095238,232
ftv55.atsp,56,3136,ATSP,false,0.5,28,712,712.0,712,2260,2049.5,1911,630,630.0,630,2260,1309.857142857143,630
ftv55.atsp,56,3136,ATSP,false,0.75,42,1238,1238.0,1238,3939,3816.7,3617,1139,1139.0,1139,3939,2418.809523809524,1139
ftv55.atsp,56,3136,ATSP,true,0.25,14,428,428.0,428,691,595.3,435,296,295.1,287,691,444.3809523809524,287
ftv55.atsp,56,3136,ATSP,true,0.5,28,871,871.0,871,2286,2144.5,1973,698,698.0,698,2286,1395.047619047619,698
ftv55.atsp,56,3136,ATSP,true,0.75,42,1310,1310.0,1310,4016,3782.6,3652,1197,1193.7,1165,4016,2432.0476190476193,1165
ftv64.atsp,65,4225,ATSP,false,0.25,16,428,428.0,428,799,707.9,530,279,279.0,279,799,490.3333333333333,279
ftv64.atsp,65,4225,ATSP,false,0.5,32,957,957.0,957,2705,2501.7,2284,716,716.0,716,2705,1577.8095238095239,716
ftv64.atsp,65,4225,ATSP,false,0.75,48,1566,1566.0,1566,4738,4612.2,4181,1285,1285.0,1285,4738,2882.7619047619046,1285
ftv64.atsp,65,4225,ATSP,true,0.25,16,549,549.0,549,763,699.3,568,309,309.0,309,763,506.2857142857143,309
ftv64.atsp,65,4225,ATSP,true,0.5,32,1201,1201.0,1201,2655,2510.3,2356,826,826.0,826,2655,1645.904761904762,826
ftv64.atsp,65,4225,ATSP,true,0.75,48,1657,1657.0,1657,4733,4640.6,4522,1374,1373.4,1368,4733,2942.714285714286,1368
ftv70.atsp,71,5041,ATSP,false,0.25,17,406,406.0,406,1016,827.1,601,284,284.0,284,1016,548.4285714285714,284
ftv70.atsp,71,5041,ATSP,false,0.5,35,882,882.0,882,3183,2963.8,2700,706,706.0,706,3183,1789.5238095238096,706
ftv70.atsp,71,5041,ATSP,false,0.75,53,1534,1534.0,1534,5464,5205.2,4978,1332,1332.0,1332,5464,3186.0,1332
ftv70.atsp,71,5041,ATSP,true,0.25,17,478,478.0,478,932,803.1,715,317,316.1,308,932,555.7142857142857,308
ftv70.atsp,71,5041,ATSP,true,0.5,35,1099,1099.0,1099,3160,2987.0,2793,800,800.0,800,3160,1855.6666666666667,800
ftv70.atsp,71,5041,ATSP,true,0.75,53,1543,1543.0,1543,5513,5346.7,5146,1371,1371.0,1371,5513,3272.3809523809523,1371
gil262.tsp,262,34453,TSP,false,0.25,65,537,537.0,537,4669,4366.5,3880,485,485.0,485,4669,2335.809523809524,485
gil262.tsp,262,34453,TSP,false,0.5,131,1117,1117.0,1117,11344,10668.9,10185,1053,1053.0,1053,11344,5635.047619047619,1053
gil262.tsp,262,34453,TSP,false,0.75,196,1922,1922.0,1922,17648,17158.1,16610,1748,1748.0,1748,17648,9094.42857142857,1748
gil262.tsp,262,34453,TSP,true,0.25,65,697,697.0,697,4796,4244.9,3939,527,527.0,527,4796,2305.5238095238096,527
gil262.tsp,262,34453,TSP,true,0.5,131,1219,1219.0,1219,11160,10524.0,9994,1098,1098.0,1098,11160,5592.333333333333,1098
gil262.tsp,262,34453,TSP,true,0.75,196,1973,1973.0,1973,17984,17059.8,16395,1844,1844.0,1844,17984,9095.761904761905,1844
gr120.tsp,120,7260,TSP,false,0.25,30,1429,1429.0,1429,5991,5445.4,4742,1271,1271.0,1271,5991,3266.3333333333335,1271
gr120.tsp,120,7260,TSP,false,0.5,60,3032,3032.0,3032,17821,16604.3,14514,2810,2810.0,2810,17821,9389.285714285714,2810
gr120.tsp,120,7260,TSP,false,0.75,90,4813,4813.0,4813,30841,28928.4,24974,4502,4502.0,4502,30841,16148.42857142857,4502
gr120.tsp,120,7260,TSP,true,0.25,30,1599,1599.0,1599,6462,5735.0,4887,1445,1445.0,1445,6462,3495.190476190476,1445
gr120.tsp,120,7260,TSP,true,0.5,60,3281,3281.0,3281,17823,17004.7,15930,3135,3135.0,3135,17823,9746.57142857143,3135
gr120.tsp,120,7260,TSP,true,0.75,90,5217,5217.0,5217,30183,28728.9,27299,4524,4524.0,4524,30183,16083.142857142857,4524
gr137.tsp,137,9453,TSP,false,0.25,34,15681,15681.0,15681,84190,70246.2,58492,11804,11804.0,11804,84190,39818.23809523809,11804
gr137.tsp,137,9453,TSP,false,0.5,68,29924,29924.0,29924,231589,212373.7,191729,25896,25896.0,25896,231589,114886.71428571429,25896
gr137.tsp,137,9453,TSP,false,0.75,102,46456,46456.0,46456,379991,366198.0,352236,43148,43148.0,43148,379991,197138.85714285713,43148
gr137.tsp,137,9453,TSP,true,0.25,34,19429,19429.0,19429,76763,65744.0,50796,13793,13793.0,13793,76763,38799.95238095238,13793
gr137.tsp,137,9453,TSP,true,0.5,68,38364,38364.0,38364,228262,203177.5,186341,28919,28919.0,28919,228262,112349.0,28919
gr137.tsp,137,9453,TSP,true,0.75,102,47529,47529.0,47529,368427,351145.3,329951,44016,44016.0,44016,368427,190435.33333333334,44016
gr17.tsp,17,153,TSP,false,0.25,4,103,103.0,103,92,92.0,92,92,92.0,92,103,92.52380952380952,92
gr17.tsp,17,153,TSP,false,0.5,8,325,325.0,325,411,364.8,336,325,325.0,325,411,343.95238095238096,325
gr17.tsp,17,153,TSP,false,0.75,12,745,745.0,745,1186,1056.5,962,640,640.0,640,1186,843.3333333333334,640
gr17.tsp,17,153,TSP,true,0.25,4,101,101.0,101,94,94.0,94,92,92.0,92,101,93.38095238095238,92
gr17.tsp,17,153,TSP,true,0.5,8,352,352.0,352,380,356.0,351,327,327.0,327,380,342.0,327
gr17.tsp,17,153,TSP,true,0.75,12,873,873.0,873,1056,978.6,908,808,808.0,808,1056,892.3333333333334,808
gr202.tsp,202,20503,TSP,false,0.25,50,7246,7246.0,7246,35098,31909.0,27833,3902,3902.0,3902,35098,17397.904761904763,3902
gr202.tsp,202,20503,TSP,false,0.5,101,14128,14128.0,14128,103693,92714.2,82603,11800,11800.0,11800,103693,50441.42857142857,11800
gr202.tsp,202,20503,TSP,false,0.75,151,24995,24995.0,24995,165776,160923.3,154393,20272,20272.0,20272,165776,87473.71428571429,20272
gr202.tsp,202,20503,TSP,true,0.25,50,7868,7868.0,7868,37206,33313.4,28805,4530,4530.0,4530,37206,18395.333333333332,4530
gr202.tsp,202,20503,TSP,true,0.5,101,15221,15221.0,15221,102517,91669.9,86081,12147,12147.0,12147,102517,50161.42857142857,12147
gr202.tsp,202,20503,TSP,true,0.75,151,25083,25083.0,25083,166404,158116.4,152893,21344,21344.0,21344,166404,86651.76190476191,21344
gr21.tsp,21,231,TSP,false,0.25,5,140,140.0,140,140,140.0,140,140,140.0,140,140,140.0,140
gr21.tsp,21,231,TSP,false,0.5,10,1160,1160.0,1160,1058,923.3,818,639,639.0,639,1160,799.1904761904761,639
gr21.tsp,21,231,TSP,false,0.75,15,1721,1721.0,1721,2508,2300.3,2008,1356,1356.0,1356,2508,1823.047619047619,1356
gr21.tsp,21,231,TSP,true,0.25,5,182,182.0,182,420,227.5,201,182,182.0,182,420,203.66666666666666,182
gr21.tsp,21,231,TSP,true,0.5,10,1265,1265.0,1265,981,883.7,825,800,796.3,783,1265,860.2380952380952,783
gr21.tsp,21,231,TSP,true,0.75,15,1736,1736.0,1736,2355,2219.4,2085,1688,1643.5,1530,2355,1922.142857142857,1530
gr229.tsp,229,26335,TSP,false,0.25,57,29071,29071.0,29071,222823,196676.1,146299,18449,18449.0,18449,222823,103824.85714285714,18449
gr229.tsp,229,26335,TSP,false,0.5,114,59287,59287.0,59287,543097,483203.7,424440,44102,44102.0,44102,543097,253921.14285714287,44102
gr229.tsp,229,26335,TSP,false,0.75,171,85662,85662.0,85662,856020,836932.3,810594,71843,71843.0,71843,856020,436829.28571428574,71843
gr229.tsp,229,26335,TSP,true,0.25,57,31255,31255.0,31255,217268,186001.4,154589,21283,21283.0,21283,217268,100195.19047619047,21283
gr229.tsp,229,26335,TSP,true,0.5,114,63416,63416.0,63416,537004,508904.4,485341,47085,47085.0,47085,537004,267776.6666666667,47085
gr229.tsp,229,26335,TSP,true,0.75,171,93346,93346.0,93346,879613,838651.5,808978,77772,77772.0,77772,879613,440837.1904761905,77772
gr24.tsp,24,300,TSP,false,0.25,6,147,147.0,147,149,139.1,138,138,138.0,138,149,138.95238095238096,138
gr24.tsp,24,300,TSP,false,0.5,12,458,458.0,458,661,600.6,524,376,376.0,376,661,486.85714285714283,376
gr24.tsp,24,300,TSP,false,0.75,18,954,954.0,954,1429,1351.6,1268,748,748.0,748,1429,1045.2380952380952,748
gr24.tsp,24,300,TSP,true,0.25,6,157,157.0,157,145,145.0,145,145,145.0,145,157,145.57142857142858,145
gr24.tsp,24,300,TSP,true,0.5,12,569,569.0,569,615,567.3,540,462,462.0,462,615,517.2380952380952,462
gr24.tsp,24,300,TSP,true,0.75,18,995,995.0,995,1429,1313.8,1150,843,843.0,843,1429,1074.4285714285713,843
gr431.tsp,431,93096,TSP,false,0.25,107,15180,15180.0,15180,429433,387162.1,344254,12590,12590.0,12590,429433,191081.0,12590
gr431.tsp,431,93096,TSP,false,0.5,215,54451,54451.0,54451,1037497,977316.6,904642,38608,38608.0,38608,1037497,486366.5238095238,38608
gr431.tsp,431,93096,TSP,false,0.75,323,93449,93449.0,93449,1648756,1598747.6,1527548,88236,88236.0,88236,1648756,807775.4761904762,88236
gr431.tsp,431,93096,TSP,true,0.25,107,15885,15885.0,15885,496957,388562.5,339731,14545,14545.0,14545,496957,192712.38095238095,14545
gr431.tsp,431,93096,TSP,true,0.5,215,62952,62952.0,62952,1061528,957099.2,903912,42174,42174.0,42174,1061528,478842.09523809527,42174
gr431.tsp,431,93096,TSP,true,0.75,323,93326,93326.0,93326,1640612,1593432.0,1527384,92741,92741.0,92741,1640612,807383.619047619,92741
gr48.tsp,48,1176,TSP,false,0.25,12,921,921.0,921,1450,1101.0,882,526,526.0,526,1450,818.6190476190476,526
gr48.tsp,48,1176,TSP,false,0.5,24,2744,2744.0,2744,5379,4963.4,4443,1565,1565.0,1565,5379,3239.4285714285716,1565
gr48.tsp,48,1176,TSP,false,0.75,36,3418,3418.0,3418,10162,9737.1,9295,3091,3091.0,3091,10162,6271.380952380952,3091
gr48.tsp,48,1176,TSP,true,0.25,12,1151,1151.0,1151,1445,1238.8,916,768,768.0,768,1445,1010.4285714285714,768
gr48.tsp,48,1176,TSP,true,0.5,24,3137,3137.0,3137,5389,5068.3,4747,1895,1895.0,1895,5389,3465.2380952380954,1895
gr48.tsp,48,1176,TSP,true,0.75,36,3577,3577.0,3577,10060,9663.0,8960,3347,3347.0,3347,10060,6365.571428571428,3347
gr666.tsp,666,222111,TSP,false,0.25,166,77716,77716.0,77716,1072046,995247.0,883698,23306,23306.0,23306,1072046,488726.0,23306
gr666.tsp,666,222111,TSP,false,0.5,333,138007,138007.0,138007,2326671,2236065.2,2171612,97052,97052.0,97052,2326671,1117579.9523809524,97052
gr666.tsp,666,222111,TSP,false,0.75,499,173071,173071.0,173071,3549180,3480150.7,3413668,169938,169938.0,169938,3549180,1746378.9523809524,169938
gr666.tsp,666,222111,TSP,true,0.25,166,88346,88346.0,88346,1057071,1011578.2,948744,23975,23975.0,23975,1057071,497327.5238095238,23975
gr666.tsp,666,222111,TSP,true,0.5,333,143095,143095.0,143095,2301211,2248287.0,2192976,105695,105675.0,105495,2301211,1127748.3333333333,105495
gr666.tsp,666,222111,TSP,true,0.75,499,176122,176122.0,176122,3601140,3510238.5,3435294,173998,173998.0,173998,3601140,1762785.0952380951,173998
gr96.tsp,96,4656,TSP,false,0.25,24,11009,11009.0,11009,42280,35379.8,29652,8372,8372.0,8372,42280,21358.428571428572,8372
gr96.tsp,96,4656,TSP,false,0.5,48,26020,26020.0,26020,125966,112971.9,102487,19990,19990.0,19990,125966,64554.23809523809,19990
gr96.tsp,96,4656,TSP,false,0.75,72,37836,37836.0,37836,213217,203761.6,196801,34113,34113.0,34113,213217,115075.33333333333,34113
gr96.tsp,96,4656,TSP,true,0.25,24,13390,13390.0,13390,41238,34513.9,27293,9990,9990.0,9990,41238,21829.95238095238,9990
gr96.tsp,96,4656,TSP,true,0.5,48,26715,26715.0,26715,119446,112254.6,101684,20619,20619.0,20619,119446,64545.28571428572,20619
gr96.tsp,96,4656,TSP,true,0.75,72,41881,41881.0,41881,210286,202979.7,196186,38015,38015.0,38015,210286,116753.71428571429,38015
hk48.tsp,48,1176,TSP,false,0.25,12,1790,1790.0,1790,3226,2674.6,2132,1584,1584.0,1584,3226,2113.1428571428573,1584
hk48.tsp,48,1176,TSP,false,0.5,24,5038,5038.0,5038,12025,10579.8,9078,3809,3809.0,3809,12025,7091.714285714285,3809
hk48.tsp,48,1176,TSP,false,0.75,36,9038,9038.0,9038,23137,21482.7,20459,7136,7136.0,7136,23137,14058.333333333334,7136
hk48.tsp,48,1176,TSP,true,0.25,12,2174,2174.0,2174,2720,2466.8,2332,1787,1787.0,1787,2720,2129.1428571428573,1787
hk48.tsp,48,1176,TSP,true,0.5,24,6836,6836.0,6836,11045,10057.9,8366,3978,3978.0,3978,11045,7009.285714285715,3978
hk48.tsp,48,1176,TSP,true,0.75,36,10140,10140.0,10140,23376,21867.9,20618,7534,7534.0,7534,23376,14483.761904761905,7534
kro124p.atsp,100,10000,ATSP,false,0.25,25,7882,7882.0,7882,23465,21995.9,19864,7380,7380.0,7380,23465,14363.857142857143,7380
kro124p.atsp,100,10000,ATSP,false,0.5,50,17429,17429.0,17429,70874,64054.1,60518,16462,16462.0,16462,70874,39170.95238095238,16462
kro124p.atsp,100,10000,ATSP,false,0.75,75,28117,28117.0,28117,113384,109112.9,104791,27044,27044.0,27044,113384,66175.52380952382,27044
kro124p.atsp,100,10000,ATSP,true,0.25,25,9637,9637.0,9637,23263,22028.6,21227,8119,8119.0,8119,23263,14814.904761904761,8119
kro124p.atsp,100,10000,ATSP,true,0.5,50,19263,19263.0,19263,68119,62928.4,59529,18521,18521.0,18521,68119,39702.71428571428,18521
kro124p.atsp,100,10000,ATSP,true,0.75,75,30703,30703.0,30703,109439,105634.3,100544,27744,27736.3,27667,109439,64971.857142857145,27667
kroA100.tsp,100,5050,TSP,false,0.25,25,4802,4802.0,4802,20131,17539.1,14894,3956,3956.0,3956,20131,10464.42857142857,3956
kroA100.tsp,100,5050,TSP,false,0.5,50,10253,10253.0,10253,59643,53541.8,48278,8921,8921.0,8921,59643,30232.428571428572,8921
kroA100.tsp,100,5050,TSP,false,0.75,75,16604,16604.0,16604,95975,92315.8,87976,14523,14523.0,14523,95975,51666.28571428572,14523
kroA100.tsp,100,5050,TSP,true,0.25,25,5798,5798.0,5798,18514,16689.0,14552,5154,5154.0,5154,18514,10677.52380952381,5154
kroA100.tsp,100,5050,TSP,true,0.5,50,11611,11611.0,11611,55936,52878.5,50378,10232,10232.0,10232,55936,30605.52380952381,10232
kroA100.tsp,100,5050,TSP,true,0.75,75,19252,19252.0,19252,94978,93011.9,87132,15881,15881.0,15881,94978,52770.52380952381,15881
kroA150.tsp,150,11325,TSP,false,0.25,37,5846,5846.0,5846,34586,30817.1,27292,4946,4946.0,4946,34586,17308.428571428572,4946
kroA150.tsp,150,11325,TSP,false,0.5,75,13037,13037.0,13037,95393,88470.0,82464,11627,11627.0,11627,95393,48286.04761904762,11627
kroA150.tsp,150,11325,TSP,false,0.75,112,22352,22352.0,22352,156237,151420.9,144727,18325,18325.0,18325,156237,81895.76190476191,18325
kroA150.tsp,150,11325,TSP,true,0.25,37,7017,7017.0,7017,36455,33207.1,29059,5654,5654.0,5654,36455,18839.428571428572,5654
kroA150.tsp,150,11325,TSP,true,0.5,75,15457,15457.0,15457,94831,89299.3,79944,12706,12706.0,12706,94831,49310.0,12706
kroA150.tsp,150,11325,TSP,true,0.75,112,23635,23635.0,23635,158907,150193.7,140775,18832,18832.0,18832,158907,81613.90476190476,18832
kroA200.tsp,200,20100,TSP,false,0.25,50,7313,7313.0,7313,55668,51074.4,47242,6325,6325.0,6325,55668,27681.285714285714,6325
kroA200.tsp,200,20100,TSP,false,0.5,100,15507,15507.0,15507,131878,126803.1,122343,13621,13621.0,13621,131878,67607.04761904762,13621
kroA200.tsp,200,20100,TSP,false,0.75,150,24067,24067.0,24067,211723,207227.3,199137,21429,21429.0,21429,211723,110030.0,21429
kroA200.tsp,200,20100,TSP,true,0.25,50,8304,8304.0,8304,55852,50493.6,47529,6887,6875.5,6772,55852,27714.04761904762,6772
kroA200.tsp,200,20100,TSP,true,0.5,100,17405,17405.0,17405,132251,127625.9,119103,14076,14076.0,14076,132251,68305.90476190476,14076
kroA200.tsp,200,20100,TSP,true,0.75,150,26027,26027.0,26027,212843,204528.5,197885,22854,22854.0,22854,212843,109516.76190476191,22854
kroB100.tsp,100,5050,TSP,false,0.25,25,4217,4217.0,4217,18655,16130.1,13814,4078,4078.0,4078,18655,9823.714285714286,4078
kroB100.tsp,100,5050,TSP,false,0.5,50,9426,9426.0,9426,57001,51666.6,47589,8792,8792.0,8792,57001,29238.666666666668,8792
kroB100.tsp,100,5050,TSP,false,0.75,75,15310,15310.0,15310,100767,92579.9,85494,14520,14520.0,14520,100767,51729.0,14520
kroB100.tsp,100,5050,TSP,true,0.25,25,5127,5127.0,5127,20421,17154.7,14588,4593,4593.0,4593,20421,10600.190476190477,4593
kroB100.tsp,100,5050,TSP,true,0.5,50,10950,10950.0,10950,55042,51282.3,41791,10133,10133.0,10133,55042,29766.809523809523,10133
kroB100.tsp,100,5050,TSP,true,0.75,75,17516,17516.0,17516,96110,90248.5,85530,17279,17266.4,17153,96110,52031.666666666664,17153
kroB150.tsp,150,11325,TSP,false,0.25,37,6363,6363.0,6363,36733,32100.2,28669,4863,4863.0,4863,36733,17904.52380952381,4863
kroB150.tsp,150,11325,TSP,false,0.5,75,13164,13164.0,13164,92891,89270.0,83296,11239,11239.0,11239,92891,48488.28571428572,11239
kroB150.tsp,150,11325,TSP,false,0.75,112,19130,19130.0,19130,148741,146180.0,140582,17524,17524.0,17524,148741,78865.23809523809,17524
kroB150.tsp,150,11325,TSP,true,0.25,37,7383,7383.0,7383,37939,33858.3,31740,5949,5938.8,5847,37939,19302.571428571428,5847
kroB150.tsp,150,11325,TSP,true,0.5,75,15430,15430.0,15430,92742,88745.1,83726,12532,12532.0,12532,92742,48961.95238095238,12532
kroB150.tsp,150,11325,TSP,true,0.75,112,22487,22487.0,22487,152237,145315.1,139907,19185,19185.0,19185,152237,79404.19047619047,19185
kroB200.tsp,200,20100,TSP,false,0.25,50,6806,6806.0,6806,51492,47866.3,43693,6200,6200.0,6200,51492,26069.95238095238,6200
kroB200.tsp,200,20100,TSP,false,0.5,100,15482,15482.0,15482,131156,123774.1,116865,13570,13570.0,13570,131156,66139.19047619047,13570
kroB200.tsp,200,20100,TSP,false,0.75,150,25507,25507.0,25507,212435,203814.9,194006,23517,23517.0,23517,212435,109467.90476190476,23517
kroB200.tsp,200,20100,TSP,true,0.25,50,8999,8999.0,8999,54753,49380.5,43222,7222,7222.0,7222,54753,27382.095238095237,7222
kroB200.tsp,200,20100,TSP,true,0.5,100,18956,18956.0,18956,133317,121414.0,113053,15331,15331.0,15331,133317,66019.33333333333,15331
kroB200.tsp,200,20100,TSP,true,0.75,150,27025,27025.0,27025,205671,202521.2,199449,25245,25245.0,25245,205671,109747.0,25245
kroC100.tsp,100,5050,TSP,false,0.25,25,4939,4939.0,4939,19627,17225.6,13098,3974,3974.0,3974,19627,10330.238095238095,3974
kroC100.tsp,100,5050,TSP,false,0.5,50,9683,9683.0,9683,57296,52832.4,47010,8888,8888.0,8888,57296,29851.761904761905,8888
kroC100.tsp,100,5050,TSP,false,0.75,75,18810,18810.0,18810,95964,92914.5,86277,14291,14291.0,14291,95964,51945.95238095238,14291
kroC100.tsp,100,5050,TSP,true,0.25,25,6234,6234.0,6234,19952,17067.5,15008,4337,4337.0,4337,19952,10489.47619047619,4337
kroC100.tsp,100,5050,TSP,true,0.5,50,10725,10725.0,10725,56054,52346.1,47833,10644,10644.0,10644,56054,30506.0,10644
kroC100.tsp,100,5050,TSP,true,0.75,75,20008,20008.0,20008,98606,91962.9,84856,15234,15217.1,15065,98606,51990.857142857145,15065
kroD100.tsp,100,5050,TSP,false,0.25,25,4054,4054.0,4054,18177,16146.3,14344,3744,3744.0,3744,18177,9664.619047619048,3744
kroD100.tsp,100,5050,TSP,false,0.5,50,9060,9060.0,9060,56693,50300.2,45340,8693,8693.0,8693,56693,28523.428571428572,8693
kroD100.tsp,100,5050,TSP,false,0.75,75,16694,16694.0,16694,92669,86964.6,82861,14490,14490.0,14490,92669,49106.666666666664,14490
kroD100.tsp,100,5050,TSP,true,0.25,25,5451,5451.0,5451,19706,15769.3,13368,4575,4575.0,4575,19706,9947.333333333334,4575
kroD100.tsp,100,5050,TSP,true,0.5,50,11678,11678.0,11678,55344,50530.7,45878,9824,9824.0,9824,55344,29296.428571428572,9824
kroD100.tsp,100,5050,TSP,true,0.75,75,17335,17335.0,17335,93509,87960.2,79095,15108,15108.0,15108,93509,49905.57142857143,15108
kroE100.tsp,100,5050,TSP,false,0.25,25,4094,4094.0,4094,22165,17227.5,13907,3763,3763.0,3763,22165,10190.42857142857,3763
kroE100.tsp,100,5050,TSP,false,0.5,50,9911,9911.0,9911,58772,54459.6,51199,9410,9410.0,9410,58772,30886.04761904762,9410
kroE100.tsp,100,5050,TSP,false,0.75,75,17462,17462.0,17462,99697,93216.0,86626,14880,14880.0,14880,99697,52305.80952380953,14880
kroE100.tsp,100,5050,TSP,true,0.25,25,5711,5711.0,5711,19774,17335.0,13539,4133,4133.0,4133,19774,10494.809523809523,4133
kroE100.tsp,100,5050,TSP,true,0.5,50,10568,10568.0,10568,56910,53332.0,49463,9995,9995.0,9995,56910,30658.95238095238,9995
kroE100.tsp,100,5050,TSP,true,0.75,75,20519,20519.0,20519,96737,93533.8,89739,16069,16069.0,16069,96737,53168.90476190476,16069
lin105.tsp,105,5565,TSP,false,0.25,26,2148,2148.0,2148,13222,11619.9,8687,2140,2140.0,2140,13222,6654.619047619048,2140
lin105.tsp,105,5565,TSP,false,0.5,52,5885,5885.0,5885,38978,36938.3,33700,5381,5381.0,5381,38978,20432.285714285714,5381
lin105.tsp,105,5565,TSP,false,0.75,78,9050,9050.0,9050,69690,65041.8,57859,8762,8762.0,8762,69690,35575.619047619046,8762
lin105.tsp,105,5565,TSP,true,0.25,26,2603,2603.0,2603,13063,11248.5,8356,2574,2572.2,2556,13063,6705.238095238095,2556
lin105.tsp,105,5565,TSP,true,0.5,52,7233,7233.0,7233,41530,35723.7,32507,6269,6269.0,6269,41530,20340.95238095238,6269
lin105.tsp,105,5565,TSP,true,0.75,78,11370,11370.0,11370,69640,65721.1,60843,10693,10693.0,10693,69640,36929.09523809524,10693
lin318.tsp,318,50721,TSP,false,0.25,79,9152,9152.0,9152,114079,103129.6,91824,8652,8652.0,8652,114079,53665.142857142855,8652
lin318.tsp,318,50721,TSP,false,0.5,159,22872,22872.0,22872,253114,243633.7,234158,19672,19672.0,19672,253114,126472.80952380953,19672
lin318.tsp,318,50721,TSP,false,0.75,238,33295,33295.0,33295,396354,386762.7,371514,31144,31144.0,31144,396354,200588.66666666666,31144
lin318.tsp,318,50721,TSP,true,0.25,79,11708,11708.0,11708,106440,102573.2,94382,10005,10001.9,9974,106440,54164.71428571428,9974
lin318.tsp,318,50721,TSP,true,0.5,159,24654,24654.0,24654,247774,238500.2,225360,20704,20704.0,20704,247774,124604.57142857143,20704
lin318.tsp,318,50721,TSP,true,0.75,238,36659,36659.0,36659,393840,381829.4,373228,32929,32929.0,32929,393840,199249.66666666666,32929
p43.atsp,43,1849,ATSP,false,0.25,10,8,8.0,8,13,8.8,6,6,6.0,6,13,7.428571428571429,6
p43.atsp,43,1849,ATSP,false,0.5,21,26,26.0,26,98,79.3,62,24,24.0,24,98,50.42857142857143,24
p43.atsp,43,1849,ATSP,false,0.75,32,120,120.0,120,400,377.1,324,112,112.0,112,400,238.61904761904762,112
p43.atsp,43,1849,ATSP,true,0.25,10,14,14.0,14,14,12.0,10,10,10.0,10,14,11.142857142857142,10
p43.atsp,43,1849,ATSP,true,0.5,21,38,38.0,38,120,94.8,78,36,35.4,32,120,63.80952380952381,32
p43.atsp,43,1849,ATSP,true,0.75,32,132,132.0,132,373,331.3,294,128,127.2,120,373,224.61904761904762,120
p654.tsp,654,214185,TSP,false,0.25,163,11476,11476.0,11476,416873,399106.4,375059,5792,5792.0,5792,416873,193355.2380952381,5792
p654.tsp,654,214185,TSP,false,0.5,327,19330,19330.0,19330,937943,889483.3,865850,17229,17229.0,17229,937943,432688.2380952381,17229
p654.tsp,654,214185,TSP,false,0.75,490,32015,32015.0,32015,1427250,1384787.0,1349172,25126,25126.0,25126,1427250,672911.6666666666,25126
p654.tsp,654,214185,TSP,true,0.25,163,13675,13675.0,13675,415388,398285.9,376167,7045,7043.0,7025,415388,193664.95238095237,7025
p654.tsp,654,214185,TSP,true,0.5,327,20368,20368.0,20368,931399,885707.4,865664,19523,19523.0,19523,931399,432032.0,19523
p654.tsp,654,214185,TSP,true,0.75,490,36760,36760.0,36760,1415796,1379004.5,1357137,30587,30587.0,30587,1415796,672984.5238095238,30587
pa561.tsp,561,157641,TSP,false,0.25,140,608,608.0,608,7622,7181.0,6789,520,520.0,520,7622,3696.095238095238,520
pa561.tsp,561,157641,TSP,false,0.5,280,1260,1260.0,1260,16022,15634.9,15286,1175,1175.0,1175,16022,8064.714285714285,1175
pa561.tsp,561,157641,TSP,false,0.75,420,2148,2148.0,2148,25334,24998.6,24182,2016,2016.0,2016,25334,12966.380952380952,2016
pa561.tsp,561,157641,TSP,true,0.25,140,654,654.0,654,7301,7130.9,6904,549,549.0,549,7301,3688.2380952380954,549
pa561.tsp,561,157641,TSP,true,0.5,280,1299,1299.0,1299,16528,15916.2,15580,1227,1227.0,1227,16528,8225.285714285714,1227
pa561.tsp,561,157641,TSP,true,0.75,420,2239,2239.0,2239,25836,25096.9,24541,2080,2080.0,2080,25836,13048.0,2080
pcb442.tsp,442,97903,TSP,false,0.25,110,11144,11144.0,11144,155406,147407.1,133683,10822,10822.0,10822,155406,75877.85714285714,10822
pcb442.tsp,442,97903,TSP,false,0.5,221,23334,23334.0,23334,338647,327507.6,316693,22754,22754.0,22754,338647,167902.38095238095,22754
pcb442.tsp,442,97903,TSP,false,0.75,331,37380,37380.0,37380,536318,524974.2,509821,36094,36094.0,36094,536318,268955.3333333333,36094
pcb442.tsp,442,97903,TSP,true,0.25,110,13452,13452.0,13452,153310,145979.1,139538,12149,12149.0,12149,153310,75939.66666666667,12149
pcb442.tsp,442,97903,TSP,true,0.5,221,26118,26118.0,26118,341508,332771.3,314921,23932,23932.0,23932,341508,171102.42857142858,23932
pcb442.tsp,442,97903,TSP,true,0.75,331,38180,38180.0,38180,533382,518476.1,507762,37055,37055.0,37055,533382,266356.71428571426,37055
pr107.tsp,107,5778,TSP,false,0.25,26,7489,7489.0,7489,63084,55954.5,43228,6998,6998.0,6998,63084,30334.0,6998
pr107.tsp,107,5778,TSP,false,0.5,53,15971,15971.0,15971,186886,170845.4,160389,15406,15406.0,15406,186886,89451.66666666667,15406
pr107.tsp,107,5778,TSP,false,0.75,80,30927,30927.0,30927,327744,300844.8,287215,30810,30810.0,30810,327744,159403.57142857142,30810
pr107.tsp,107,5778,TSP,true,0.25,26,9797,9797.0,9797,64357,57290.8,50631,9198,9198.0,9198,64357,32127.85714285714,9198
pr107.tsp,107,5778,TSP,true,0.5,53,22574,22574.0,22574,188398,174672.4,163085,21621,21621.0,21621,188398,94548.0,21621
pr107.tsp,107,5778,TSP,true,0.75,80,38975,38975.0,38975,327369,310005.8,275477,38604,38604.0,38604,327369,167860.61904761905,38604
pr124.tsp,124,7750,TSP,false,0.25,31,14124,14124.0,14124,99230,86092.5,73770,5179,5179.0,5179,99230,44135.19047619047,5179
pr124.tsp,124,7750,TSP,false,0.5,62,28569,28569.0,28569,250847,239682.7,219270,19812,19812.0,19812,250847,124929.33333333333,19812
pr124.tsp,124,7750,TSP,false,0.75,93,33904,33904.0,33904,426484,403404.5,388597,33904,33904.0,33904,426484,209856.61904761905,33904
pr124.tsp,124,7750,TSP,true,0.25,31,15475,15475.0,15475,100535,82134.4,72888,8812,8812.0,8812,100535,44044.71428571428,8812
pr124.tsp,124,7750,TSP,true,0.5,62,34546,34546.0,34546,243771,232537.8,212018,23802,23802.0,23802,243771,123711.61904761905,23802
pr124.tsp,124,7750,TSP,true,0.75,93,41643,41643.0,41643,422720,402483.1,355992,41643,41643.0,41643,422720,213471.61904761905,41643
pr136.tsp,136,9316,TSP,false,0.25,34,25078,25078.0,25078,113051,103944.2,98326,22312,22312.0,22312,113051,61316.19047619047,22312
pr136.tsp,136,9316,TSP,false,0.5,68,57335,57335.0,57335,296254,281602.9,264490,52031,51952.7,51248,296254,161566.2380952381,51248
pr136.tsp,136,9316,TSP,false,0.75,102,85389,85389.0,85389,510787,487391.2,458772,79492,79492.0,79492,510787,274010.5238095238,79492
pr136.tsp,136,9316,TSP,true,0.25,34,26800,26800.0,26800,120228,110527.5,99047,24629,24629.0,24629,120228,65636.42857142857,24629
pr136.tsp,136,9316,TSP,true,0.5,68,61442,61442.0,61442,304197,292236.7,276317,53326,53326.0,53326,304197,167479.47619047618,53326
pr136.tsp,136,9316,TSP,true,0.75,102,92940,92940.0,92940,505145,487827.1,479340,83667,83667.0,83667,505145,276565.7619047619,83667
pr144.tsp,144,10440,TSP,false,0.25,36,10708,10708.0,10708,129308,111750.5,98059,10365,10365.0,10365,129308,58660.142857142855,10365
pr144.tsp,144,10440,TSP,false,0.5,72,26272,26272.0,26272,311071,286828.7,268829,25292,25292.0,25292,311071,149879.95238095237,25292
pr144.tsp,144,10440,TSP,false,0.75,108,41142,41142.0,41142,493883,480589.4,463568,38750,38750.0,38750,493883,249263.61904761905,38750
pr144.tsp,144,10440,TSP,true,0.25,36,15158,15158.0,15158,116325,104241.2,86644,14510,14510.0,14510,116325,57270.0,14510
pr144.tsp,144,10440,TSP,true,0.5,72,32929,32929.0,32929,306209,280606.6,263318,28174,28174.0,28174,306209,148606.42857142858,28174
pr144.tsp,144,10440,TSP,true,0.75,108,50491,50491.0,50491,492637,480130.3,451526,44668,44668.0,44668,492637,252308.2857142857,44668
pr152.tsp,152,11628,TSP,false,0.25,38,12609,12609.0,12609,146791,133603.0,90596,12334,12334.0,12334,146791,70094.23809523809,12334
pr152.tsp,152,11628,TSP,false,0.5,76,28325,28325.0,28325,393263,361321.8,323111,28050,28050.0,28050,393263,186763.95238095237,28050
pr152.tsp,152,11628,TSP,false,0.75,114,58349,58349.0,58349,644187,617796.4,585004,50968,50968.0,50968,644187,321237.7619047619,50968
pr152.tsp,152,11628,TSP,true,0.25,38,13659,13659.0,13659,153475,127752.3,99365,13266,13251.7,13123,153475,67795.19047619047,13123
pr152.tsp,152,11628,TSP,true,0.5,76,34474,34474.0,34474,392755,361601.9,343447,34073,34073.0,34073,392755,190058.2380952381,34073
pr152.tsp,152,11628,TSP,true,0.75,114,64874,64874.0,64874,661296,611661.7,562789,55482,55482.0,55482,661296,320776.71428571426,55482
pr226.tsp,226,25651,TSP,false,0.25,56,25165,25165.0,25165,293157,269161.8,240960,12963,12963.0,12963,293157,135543.47619047618,12963
pr226.tsp,226,25651,TSP,false,0.5,113,53994,53994.0,53994,685619,661726.8,611004,26000,26000.0,26000,685619,330060.09523809527,26000
pr226.tsp,226,25651,TSP,false,0.75,169,69569,69569.0,69569,1079194,1045464.8,993987,45662,45662.0,45662,1079194,522897.0,45662
pr226.tsp,226,25651,TSP,true,0.25,56,30391,30391.0,30391,294194,272787.5,254439,16466,16466.0,16466,294194,139186.95238095237,16466
pr226.tsp,226,25651,TSP,true,0.5,113,66287,66287.0,66287,683597,659404.7,643671,33717,33717.0,33717,683597,333214.4761904762,33717
pr226.tsp,226,25651,TSP,true,0.75,169,80711,80711.0,80711,1091346,1064637.0,1000104,50812,50791.2,50668,1091346,534999.6666666666,50668
pr264.tsp,264,34980,TSP,false,0.25,66,8100,8100.0,8100,196211,175730.0,160816,7700,7700.0,7700,196211,87733.33333333333,7700
pr264.tsp,264,34980,TSP,false,0.5,132,22754,22754.0,22754,461841,430760.1,393356,20852,20852.0,20852,461841,216136.90476190476,20852
pr264.tsp,264,34980,TSP,false,0.75,198,36620,36620.0,36620,717266,687769.0,637251,33665,33665.0,33665,717266,345283.8095238095,33665
pr264.tsp,264,34980,TSP,true,0.25,66,10138,10138.0,10138,187424,171040.0,154808,9203,9203.0,9203,187424,86312.76190476191,9203
pr264.tsp,264,34980,TSP,true,0.5,132,23810,23810.0,23810,424424,415722.4,395164,23130,23130.0,23130,424424,210111.14285714287,23130
pr264.tsp,264,34980,TSP,true,0.75,198,43398,43398.0,43398,714173,693902.1,634679,39676,39676.0,39676,714173,351389.4761904762,39676
pr299.tsp,299,44850,TSP,false,0.25,74,10916,10916.0,10916,129873,122820.6,117599,9745,9745.0,9745,129873,63646.28571428572,9745
pr299.tsp,299,44850,TSP,false,0.5,149,21214,21214.0,21214,312288,297753.4,276404,21214,21214.0,21214,312288,152899.42857142858,21214
pr299.tsp,299,44850,TSP,false,0.75,224,36961,36961.0,36961,508066,484245.7,467074,34697,34697.0,34697,508066,248875.61904761905,34697
pr299.tsp,299,44850,TSP,true,0.25,74,13016,13016.0,13016,137829,123034.6,113572,10701,10701.0,10701,137829,64303.42857142857,10701
pr299.tsp,299,44850,TSP,true,0.5,149,24674,24674.0,24674,315010,294542.9,274162,24498,24498.0,24498,315010,153099.19047619047,24498
pr299.tsp,299,44850,TSP,true,0.75,224,38168,38168.0,38168,494755,480974.7,471485,37752,37752.0,37752,494755,248830.2380952381,37752
pr439.tsp,439,96580,TSP,false,0.25,109,45802,45802.0,45802,378861,332129.8,277974,16785,16785.0,16785,378861,168330.95238095237,16785
pr439.tsp,439,96580,TSP,false,0.5,219,66746,66746.0,66746,807727,775951.6,718609,37397,37397.0,37397,807727,390487.2380952381,37397
pr439.tsp,439,96580,TSP,false,0.75,329,93064,93064.0,93064,1287110,1245047.7,1172425,70604,70604.0,70604,1287110,630932.4285714285,70604
pr439.tsp,439,96580,TSP,true,0.25,109,51262,51262.0,51262,360140,341221.8,313689,17574,17574.0,17574,360140,173296.19047619047,17574
pr439.tsp,439,96580,TSP,true,0.5,219,73963,73963.0,73963,843300,786610.0,741424,42218,42218.0,42218,843300,398202.04761904763,42218
pr439.tsp,439,96580,TSP,true,0.75,329,100623,100623.0,100623,1285023,1252529.8,1170096,73799,73799.0,73799,1285023,636376.7142857143,73799
pr76.tsp,76,2926,TSP,false,0.25,19,19314,19314.0,19314,53070,44736.8,37789,16219,16219.0,16219,53070,29946.285714285714,16219
pr76.tsp,76,2926,TSP,false,0.5,38,40437,40437.0,40437,173404,157537.3,142832,34620,34620.0,34620,173404,93429.04761904762,34620
pr76.tsp,76,2926,TSP,false,0.75,57,64374,64374.0,64374,321998,305117.1,286533,61660,61660.0,61660,321998,177721.19047619047,61660
pr76.tsp,76,2926,TSP,true,0.25,19,31392,31392.0,31392,49657,42478.5,38610,20932,20932.0,20932,49657,31690.333333333332,20932
pr76.tsp,76,2926,TSP,true,0.5,38,50980,50980.0,50980,175760,158127.6,143389,36701,36701.0,36701,175760,95203.14285714286,36701
pr76.tsp,76,2926,TSP,true,0.75,57,74518,74518.0,74518,308535,296311.1,264808,67040,67040.0,67040,308535,176572.80952380953,67040
rat195.tsp,195,19110,TSP,false,0.25,48,543,543.0,543,3323,3149.3,2926,527,527.0,527,3323,1776.4761904761904,527
rat195.tsp,195,19110,TSP,false,0.5,97,1159,1159.0,1159,8519,8197.4,7699,1082,1082.0,1082,8519,4473.952380952381,1082
rat195.tsp,195,19110,TSP,false,0.75,146,2109,2109.0,2109,14137,13636.4,13109,1685,1685.0,1685,14137,7396.333333333333,1685
rat195.tsp,195,19110,TSP,true,0.25,48,631,631.0,631,3841,3187.2,2689,554,554.0,554,3841,1811.5714285714287,554
rat195.tsp,195,19110,TSP,true,0.5,97,1271,1271.0,1271,9190,8535.2,7853,1193,1193.0,1193,9190,4693.0,1193
rat195.tsp,195,19110,TSP,true,0.75,146,2278,2278.0,2278,14164,13684.5,13202,1862,1862.0,1862,14164,7511.571428571428,1862
rat575.tsp,575,165600,TSP,false,0.25,143,1603,1603.0,1603,23531,22187.4,19634,1578,1578.0,1578,23531,11393.190476190477,1578
rat575.tsp,575,165600,TSP,false,0.5,287,3532,3532.0,3532,51053,49569.7,47657,3301,3301.0,3301,51053,25344.714285714286,3301
rat575.tsp,575,165600,TSP,false,0.75,431,5594,5594.0,5594,79083,77143.6,72446,5204,5204.0,5204,79083,39479.52380952381,5204
rat575.tsp,575,165600,TSP,true,0.25,143,1892,1892.0,1892,22373,21806.5,20972,1661,1661.0,1661,22373,11265.095238095239,1661
rat575.tsp,575,165600,TSP,true,0.5,287,3876,3876.0,3876,50897,49031.0,47522,3445,3445.0,3445,50897,25173.14285714286,3445
rat575.tsp,575,165600,TSP,true,0.75,431,5670,5670.0,5670,78722,77368.4,75322,5303,5303.0,5303,78722,39637.333333333336,5303
rat783.tsp,783,306936,TSP,false,0.25,195,2191,2191.0,2191,39824,37452.0,35194,2101,2101.0,2101,39824,18939.095238095237,2101
rat783.tsp,783,306936,TSP,false,0.5,391,4472,4472.0,4472,80596,78766.3,75093,4322,4322.0,4322,80596,39778.80952380953,4322
rat783.tsp,783,306936,TSP,false,0.75,587,7097,7097.0,7097,127169,124214.5,121617,6729,6729.0,6729,127169,62692.0,6729
rat783.tsp,783,306936,TSP,true,0.25,195,2707,2707.0,2707,38560,35933.7,33618,2181,2181.0,2181,38560,18278.761904761905,2181
rat783.tsp,783,306936,TSP,true,0.5,391,4750,4750.0,4750,82639,80979.8,79039,4467,4467.0,4467,82639,40915.142857142855,4467
rat783.tsp,783,306936,TSP,true,0.75,587,7574,7574.0,7574,127677,124019.6,118553,6956,6956.0,6956,127677,62730.0,6956
rat99.tsp,99,4950,TSP,false,0.25,24,253,253.0,253,835,755.4,647,246,246.0,246,835,488.9047619047619,246
rat99.tsp,99,4950,TSP,false,0.5,49,577,577.0,577,2675,2474.0,2186,544,544.0,544,2675,1464.6190476190477,544
rat99.tsp,99,4950,TSP,false,0.75,74,876,876.0,876,4799,4579.5,4193,869,869.0,869,4799,2636.2380952380954,869
rat99.tsp,99,4950,TSP,true,0.25,24,333,333.0,333,872,757.8,579,265,265.0,265,872,502.9047619047619,265
rat99.tsp,99,4950,TSP,true,0.5,49,636,636.0,636,2743,2606.9,2407,582,582.0,582,2743,1548.8095238095239,582
rat99.tsp,99,4950,TSP,true,0.75,74,948,948.0,948,4758,4502.7,4247,936,936.0,936,4758,2635.0,936
rbg323.atsp,323,104329,ATSP,false,0.25,80,220,220.0,220,1230,1169.8,1139,197,197.0,197,1230,661.3333333333334,197
rbg323.atsp,323,104329,ATSP,false,0.5,161,461,461.0,461,2701,2644.1,2583,450,450.0,450,2701,1495.3333333333333,450
rbg323.atsp,323,104329,ATSP,false,0.75,242,758,758.0,758,4232,4143.4,3962,732,732.0,732,4232,2357.714285714286,732
rbg323.atsp,323,104329,ATSP,true,0.25,80,226,226.0,226,1233,1173.3,1123,216,211.6,206,1233,670.2380952380952,206
rbg323.atsp,323,104329,ATSP,true,0.5,161,494,494.0,494,2744,2639.7,2552,453,453.0,453,2744,1496.2380952380952,453
rbg323.atsp,323,104329,ATSP,true,0.75,242,748,748.0,748,4212,4140.6,4054,741,740.9,740,4212,2360.1428571428573,740
rbg358.atsp,358,128164,ATSP,false,0.25,89,272,272.0,272,1361,1314.4,1265,245,241.5,210,1361,753.8571428571429,210
rbg358.atsp,358,128164,ATSP,false,0.5,179,519,519.0,519,3084,2973.1,2869,486,486.0,486,3084,1671.904761904762,486
rbg358.atsp,358,128164,ATSP,false,0.75,268,877,877.0,877,4683,4596.4,4495,827,827.0,827,4683,2624.3333333333335,827
rbg358.atsp,358,128164,ATSP,true,0.25,89,292,292.0,292,1374,1325.0,1274,258,257.5,253,1374,767.4761904761905,253
rbg358.atsp,358,128164,ATSP,true,0.5,179,540,540.0,540,3055,2966.4,2865,487,487.0,487,3055,1670.1904761904761,487
rbg358.atsp,358,128164,ATSP,true,0.75,268,898,898.0,898,4737,4634.8,4501,843,843.0,843,4737,2651.2380952380954,843
rbg403.atsp,403,162409,ATSP,false,0.25,100,188,188.0,188,1576,1494.6,1469,162,162.0,162,1576,797.8095238095239,162
rbg403.atsp,403,162409,ATSP,false,0.5,201,557,557.0,557,3393,3320.6,3199,533,533.0,533,3393,1861.5714285714287,533
rbg403.atsp,403,162409,ATSP,false,0.75,302,1213,1213.0,1213,5296,5203.3,5048,1172,1172.0,1172,5296,3093.6190476190477,1172
rbg403.atsp,403,162409,ATSP,true,0.25,100,203,203.0,203,1505,1460.7,1390,172,169.6,162,1505,786.0,162
rbg403.atsp,403,162409,ATSP,true,0.5,201,578,578.0,578,3398,3312.8,3254,537,536.6,534,3398,1860.5714285714287,534
rbg403.atsp,403,162409,ATSP,true,0.75,302,1217,1217.0,1217,5322,5203.6,5114,1168,1168.0,1168,5322,3092.0476190476193,1168
rbg443.atsp,443,196249,ATSP,false,0.25,110,268,268.0,268,1715,1615.4,1550,228,228.0,228,1715,890.5714285714286,228
rbg443.atsp,443,196249,ATSP,false,0.5,221,563,563.0,563,3722,3609.8,3473,548,548.0,548,3722,2006.7142857142858,548
rbg443.atsp,443,196249,ATSP,false,0.75,332,1397,1397.0,1397,5744,5650.9,5608,1364,1364.0,1364,5744,3406.9523809523807,1364
rbg443.atsp,443,196249,ATSP,true,0.25,110,270,270.0,270,1739,1657.4,1601,230,230.0,230,1739,911.6190476190476,230
rbg443.atsp,443,196249,ATSP,true,0.5,221,565,565.0,565,3684,3581.4,3461,562,562.0,562,3684,1999.952380952381,562
rbg443.atsp,443,196249,ATSP,true,0.75,332,1385,1385.0,1385,5708,5637.2,5526,1359,1359.0,1359,5708,3397.4761904761904,1359
rd100.tsp,100,5050,TSP,false,0.25,25,1747,1747.0,1747,6642,5983.0,4928,1257,1257.0,1257,6642,3530.809523809524,1257
rd100.tsp,100,5050,TSP,false,0.5,50,3103,3103.0,3103,19447,17937.4,16581,3086,3086.0,3086,19447,10158.904761904761,3086
rd100.tsp,100,5050,TSP,false,0.75,75,6087,6087.0,6087,33803,31349.6,29959,5625,5625.0,5625,33803,17896.809523809523,5625
rd100.tsp,100,5050,TSP,true,0.25,25,2057,2057.0,2057,7248,5817.2,3862,1538,1538.0,1538,7248,3600.4285714285716,1538
rd100.tsp,100,5050,TSP,true,0.5,50,3844,3844.0,3844,18628,18128.9,17006,3691,3691.0,3691,18628,10573.47619047619,3691
rd100.tsp,100,5050,TSP,true,0.75,75,6930,6930.0,6930,32111,30282.0,27206,6040,6040.0,6040,32111,17626.190476190477,6040
rd400.tsp,400,80200,TSP,false,0.25,100,3680,3680.0,3680,40795,38758.6,35500,3225,3225.0,3225,40795,20167.428571428572,3225
rd400.tsp,400,80200,TSP,false,0.5,200,7858,7858.0,7858,93157,89671.9,87445,6834,6834.0,6834,93157,46329.380952380954,6834
rd400.tsp,400,80200,TSP,false,0.75,300,12846,12846.0,12846,146440,141865.8,136918,11108,11108.0,11108,146440,73456.38095238095,11108
rd400.tsp,400,80200,TSP,true,0.25,100,4504,4504.0,4504,41268,38718.4,35938,3540,3540.0,3540,41268,20337.52380952381,3540
rd400.tsp,400,80200,TSP,true,0.5,200,7959,7959.0,7959,92947,90111.4,85683,7270,7270.0,7270,92947,46751.09523809524,7270
rd400.tsp,400,80200,TSP,true,0.75,300,13103,13103.0,13103,145180,141443.3,137890,11512,11512.0,11512,145180,73459.80952380953,11512
ry48p.atsp,48,2304,ATSP,false,0.25,12,2803,2803.0,2803,4212,3380.1,2654,1871,1871.0,1871,4212,2634.0,1871
ry48p.atsp,48,2304,ATSP,false,0.5,24,6506,6506.0,6506,14111,12571.6,11248,5086,5086.0,5086,14111,8718.190476190477,5086
ry48p.atsp,48,2304,ATSP,false,0.75,36,11826,11826.0,11826,26844,25020.9,23800,9585,9585.0,9585,26844,17042.14285714286,9585
ry48p.atsp,48,2304,ATSP,true,0.25,12,3427,3427.0,3427,4770,3645.8,2692,1941,1941.0,1941,4770,2823.5714285714284,1941
ry48p.atsp,48,2304,ATSP,true,0.5,24,6849,6849.0,6849,12768,11725.1,10274,5858,5858.0,5858,12768,8699.047619047618,5858
ry48p.atsp,48,2304,ATSP,true,0.75,36,13071,13071.0,13071,28180,25598.5,24105,9649,9649.0,9649,28180,17406.95238095238,9649
si175.tsp,175,15400,TSP (M.~Hofmeister),false,0.25,43,5458,5458.0,5458,9566,9167.2,8940,4542,4542.0,4542,9566,6788.0952380952385,4542
si175.tsp,175,15400,TSP (M.~Hofmeister),false,0.5,87,10342,10342.0,10342,21557,20877.1,20389,10062,10062.0,10062,21557,15225.380952380952,10062
si175.tsp,175,15400,TSP (M.~Hofmeister),false,0.75,131,16018,16018.0,16018,33138,32554.8,32226,15555,15555.0,15555,33138,23672.190476190477,15555
si175.tsp,175,15400,TSP (M.~Hofmeister),true,0.25,43,5533,5533.0,5533,9853,9044.5,8500,4738,4738.0,4738,9853,6826.571428571428,4738
si175.tsp,175,15400,TSP (M.~Hofmeister),true,0.5,87,10517,10517.0,10517,21098,20603.9,19930,10180,10179.0,10170,21098,15159.333333333334,10170
si175.tsp,175,15400,TSP (M.~Hofmeister),true,0.75,131,16259,16259.0,16259,33323,32630.5,31950,15726,15726.0,15726,33323,23801.14285714286,15726
si535.tsp,535,143380,TSP (M.~Hofmeister),false,0.25,133,11597,11597.0,11597,34290,33479.5,32267,11179,11179.0,11179,34290,21818.190476190477,11179
si535.tsp,535,143380,TSP (M.~Hofmeister),false,0.5,267,23512,23512.0,23512,74410,72601.7,71502,23230,23230.0,23230,74410,46753.76190476191,23230
si535.tsp,535,143380,TSP (M.~Hofmeister),false,0.75,401,36767,36767.0,36767,113094,111638.0,110513,36114,36094.3,35932,113094,72099.52380952382,35932
si535.tsp,535,143380,TSP (M.~Hofmeister),true,0.25,133,11738,11738.0,11738,35146,33798.6,31846,11283,11283.0,11283,35146,22026.380952380954,11283
si535.tsp,535,143380,TSP (M.~Hofmeister),true,0.5,267,23690,23690.0,23690,73600,72460.1,71338,23396,23396.0,23396,73600,46773.857142857145,23396
si535.tsp,535,143380,TSP (M.~Hofmeister),true,0.75,401,37019,37019.0,37019,113566,111871.5,110353,36366,36324.4,36221,113566,72332.28571428571,36221
st70.tsp,70,2485,TSP,false,0.25,17,109,109.0,109,342,293.4,260,105,105.0,105,342,194.9047619047619,105
st70.tsp,70,2485,TSP,false,0.5,35,312,312.0,312,1083,1057.4,1034,262,262.0,262,1083,643.1428571428571,262
st70.tsp,70,2485,TSP,false,0.75,52,477,477.0,477,2013,1911.8,1840,448,448.0,448,2013,1146.4285714285713,448
st70.tsp,70,2485,TSP,true,0.25,17,177,177.0,177,335,303.9,272,127,127.0,127,335,213.61904761904762,127
st70.tsp,70,2485,TSP,true,0.5,35,350,350.0,350,1124,1073.3,967,290,290.0,290,1124,665.8571428571429,290
st70.tsp,70,2485,TSP,true,0.75,52,518,518.0,518,1948,1863.6,1770,458,458.0,458,1948,1130.1904761904761,458
swiss42.tsp,42,1764,TSP,false,0.25,10,175,175.0,175,257,214.5,177,146,146.0,146,257,180.0,146
swiss42.tsp,42,1764,TSP,false,0.5,21,422,422.0,422,1161,1035.7,935,417,417.0,417,1161,711.8571428571429,417
swiss42.tsp,42,1764,TSP,false,0.75,31,761,761.0,761,2292,2097.5,1883,731,731.0,731,2292,1383.142857142857,731
swiss42.tsp,42,1764,TSP,true,0.25,10,218,218.0,218,234,203.1,189,167,166.6,163,234,186.42857142857142,163
swiss42.tsp,42,1764,TSP,true,0.5,21,489,489.0,489,1221,1061.1,942,456,456.0,456,1221,745.7142857142857,456
swiss42.tsp,42,1764,TSP,true,0.75,31,783,783.0,783,2306,2143.7,2048,723,723.0,723,2306,1402.3809523809523,723
ts225.tsp,225,25425,TSP,false,0.25,56,27500,27500.0,27500,267348,242191.5,213524,27500,27500.0,27500,267348,129734.04761904762,27500
ts225.tsp,225,25425,TSP,false,0.5,112,61000,61000.0,61000,636409,622055.8,605264,55500,55500.0,55500,636409,325550.38095238095,55500
ts225.tsp,225,25425,TSP,false,0.75,168,93508,93508.0,93508,1022890,1001138.7,971602,89207,89207.0,89207,1022890,523665.0,89207
ts225.tsp,225,25425,TSP,true,0.25,56,30041,30041.0,30041,283824,238237.2,218440,29500,29500.0,29500,283824,128924.42857142857,29500
ts225.tsp,225,25425,TSP,true,0.5,112,74713,74713.0,74713,637189,616366.9,590519,58813,58813.0,58813,637189,325072.0,58813
ts225.tsp,225,25425,TSP,true,0.75,168,107159,107159.0,107159,1031472,1003594.1,977061,91500,91500.0,91500,1031472,526576.1904761905,91500
tsp225.tsp,225,25425,TSP,false,0.25,56,905,905.0,905,7171,6132.0,5327,752,752.0,752,7171,3321.190476190476,752
tsp225.tsp,225,25425,TSP,false,0.5,112,2027,2027.0,2027,16718,15533.2,14530,1646,1646.0,1646,16718,8277.095238095239,1646
tsp225.tsp,225,25425,TSP,false,0.75,168,3414,3414.0,3414,26932,26051.7,25229,2708,2708.0,2708,26932,13857.666666666666,2708
tsp225.tsp,225,25425,TSP,true,0.25,56,1059,1059.0,1059,7402,6267.1,5577,896,896.0,896,7402,3461.4285714285716,896
tsp225.tsp,225,25425,TSP,true,0.5,112,2067,2067.0,2067,16539,15496.0,14328,1765,1765.0,1765,16539,8317.952380952382,1765
tsp225.tsp,225,25425,TSP,true,0.75,168,3645,3645.0,3645,26214,25565.6,24698,2728,2728.0,2728,26214,13646.714285714286,2728
u159.tsp,159,12720,TSP,false,0.25,39,8804,8804.0,8804,64815,57602.2,52014,6842,6842.0,6842,64815,31106.95238095238,6842
u159.tsp,159,12720,TSP,false,0.5,79,19357,19357.0,19357,163168,158342.6,150716,16997,16997.0,16997,163168,84416.80952380953,16997
u159.tsp,159,12720,TSP,false,0.75,119,29746,29746.0,29746,275069,265602.1,256701,27169,27169.0,27169,275069,140831.2857142857,27169
u159.tsp,159,12720,TSP,true,0.25,39,10383,10383.0,10383,63294,54220.7,47103,8889,8889.0,8889,63294,30546.666666666668,8889
u159.tsp,159,12720,TSP,true,0.5,79,24261,24261.0,24261,166936,155629.0,134523,20126,20126.0,20126,166936,84848.14285714286,20126
u159.tsp,159,12720,TSP,true,0.75,119,32353,32353.0,32353,271825,265873.5,252716,28971,28971.0,28971,271825,141942.7619047619,28971
u574.tsp,574,165025,TSP,false,0.25,143,8031,8031.0,8031,139938,132228.9,122549,7912,7912.0,7912,139938,67116.19047619047,7912
u574.tsp,574,165025,TSP,false,0.5,287,17527,17527.0,17527,306044,296985.4,284225,17133,17133.0,17133,306044,150414.80952380953,17133
u574.tsp,574,165025,TSP,false,0.75,430,27123,27123.0,27123,475204,462128.9,453377,26744,26744.0,26744,475204,234088.19047619047,26744
u574.tsp,574,165025,TSP,true,0.25,143,9031,9031.0,9031,138947,133022.5,127292,8279,8279.0,8279,138947,67716.47619047618,8279
u574.tsp,574,165025,TSP,true,0.5,287,19272,19272.0,19272,311679,296883.0,288424,18142,18142.0,18142,311679,150929.61904761905,18142
u574.tsp,574,165025,TSP,true,0.75,430,28038,28038.0,28038,471939,463089.8,442848,27165,27165.0,27165,471939,234789.80952380953,27165
u724.tsp,724,262450,TSP,false,0.25,181,8760,8760.0,8760,184913,178532.4,171010,8760,8760.0,8760,184913,89604.0,8760
u724.tsp,724,262450,TSP,false,0.5,362,21166,21166.0,21166,397754,386097.9,375457,20183,20183.0,20183,397754,194475.0,20183
u724.tsp,724,262450,TSP,false,0.75,543,34464,34464.0,34464,608461,598616.6,583394,32634,32634.0,32634,608461,302236.6666666667,32634
u724.tsp,724,262450,TSP,true,0.25,181,9500,9500.0,9500,184418,177363.4,165383,9500,9500.0,9500,184418,89434.95238095238,9500
u724.tsp,724,262450,TSP,true,0.5,362,22955,22955.0,22955,399824,389824.1,375267,20798,20798.0,20798,399824,196627.42857142858,20798
u724.tsp,724,262450,TSP,true,0.75,543,36093,36093.0,36093,612604,603294.7,588269,33732,33732.0,33732,612604,305064.7619047619,33732
ulysses16.tsp,16,136,TSP,false,0.25,4,334,334.0,334,297,297.0,297,297,297.0,297,334,298.76190476190476,297
ulysses16.tsp,16,136,TSP,false,0.5,8,2013,2013.0,2013,1419,1181.1,1065,1121,1120.2,1113,2013,1191.7142857142858,1065
ulysses16.tsp,16,136,TSP,false,0.75,12,3484,3484.0,3484,3409,3204.4,3020,2519,2519.0,2519,3484,2891.3333333333335,2519
ulysses16.tsp,16,136,TSP,true,0.25,4,209,209.0,209,225,225.0,225,188,188.0,188,225,206.61904761904762,188
ulysses16.tsp,16,136,TSP,true,0.5,8,1445,1445.0,1445,1527,1445.9,1401,1245,1245.0,1245,1527,1350.1904761904761,1245
ulysses16.tsp,16,136,TSP,true,0.75,12,3830,3830.0,3830,3313,3140.4,2997,2828,2828.0,2828,3830,3024.4761904761904,2828
ulysses22.tsp,22,253,TSP,false,0.25,5,437,437.0,437,462,356.7,332,360,337.6,332,462,351.42857142857144,332
ulysses22.tsp,22,253,TSP,false,0.5,11,1670,1670.0,1670,1960,1857.2,1685,1438,1438.0,1438,1960,1648.6666666666667,1438
ulysses22.tsp,22,253,TSP,false,0.75,16,3865,3865.0,3865,4450,4093.0,3430,2658,2605.9,2273,4450,3374.0,2273
ulysses22.tsp,22,253,TSP,true,0.25,5,182,182.0,182,614,355.2,276,182,182.0,182,614,264.4761904761905,182
ulysses22.tsp,22,253,TSP,true,0.5,11,1483,1483.0,1483,2191,1905.9,1473,1431,1430.7,1428,2191,1659.4761904761904,1428
ulysses22.tsp,22,253,TSP,true,0.75,16,4275,4275.0,4275,4548,4191.9,3812,3215,3203.2,3097,4548,3725.0476190476193,3097
